"log2FC","AveExpr","t","P.Value","adj.P.Val","B","gene"
10.567237034761,6.15781503355327,61.1625961603481,3.99087405205496e-119,2.80678172081026e-115,261.568085249673,"DEFB4A"
9.4057429443924,7.6630257697834,60.0159391383652,9.11409552167265e-118,4.80745753529428e-114,258.48699220164,"PI3"
8.91432110164567,9.64168336538397,52.709011546679,1.62924237852427e-108,3.81948721605372e-105,237.449984320256,"S100A9"
8.38448407623278,10.0381340355086,50.575209373044,1.34707561584815e-105,2.36849570156502e-102,230.799002542064,"S100A8"
8.3144705794606,6.26335363088188,54.9763640634868,1.67561225413752e-111,5.05053470714965e-108,244.253204341231,"SERPINB4"
8.11466103322922,4.78848734033657,70.3267273952311,3.25963283899811e-129,6.87749932700211e-125,284.3675227677,"S100A7A"
7.83307611640931,9.87288240438735,41.6419373607347,4.24125918145977e-92,3.44178182575461e-89,199.939351209776,"S100A7"
7.5483143259347,4.84681142289841,56.1326603858636,5.5270957086293e-113,1.94360320593949e-109,247.623650728798,"LCE3A"
6.95170469086166,6.44780350687457,43.9005257409296,9.98729234358209e-96,8.7800783815516e-93,208.246351034017,"SPRR2F"
6.48205812097036,6.59693364691009,49.444021242574,5.24772512582968e-104,8.51705787922157e-101,227.169727375205,"SERPINB3"
6.0008162701086,9.51351216783356,52.4865725309654,3.2449543879721e-108,6.84652926318233e-105,236.768184687397,"SPRR2A"
5.83197808826509,3.37400013373585,58.0433066663082,2.25514674777415e-115,9.51626824625734e-112,253.053840476952,"S100A12"
5.69006821753027,3.35962875268649,39.113026960284,7.69376678377181e-88,4.50918848252226e-85,190.178667653861,"TCN1"
5.56404189229642,9.202996366433,47.8642121758777,9.88670767662596e-102,1.39066430179421e-98,221.974986058639,"SPRR2B"
5.49458119920268,9.25550147360581,47.3522020721147,5.57565620642122e-101,7.35254814370508e-98,220.258757683497,"SPRR2D"
5.42082604098965,5.77726808365267,43.4824616179384,4.56169733556533e-95,3.84989008332372e-92,206.736525139255,"SPRR2C"
5.39516094091553,2.87885098864172,38.5336342500185,7.81394748618094e-87,4.33859152660346e-84,187.869852166813,"IL1F6"
5.37328825149449,7.57776120746992,41.0301086582457,4.34667036758177e-91,3.39668141057807e-88,197.623861245612,"LCE3D"
5.3130769971836,5.40517766783337,37.9458818091725,8.44229199309446e-86,4.34448582347073e-83,185.498912144698,"DEFB103A"
5.28541288907035,6.245550120313,40.7980758675858,1.05842925899062e-90,7.97564247694398e-88,196.738198544113,"LCE3E"
5.19641469837448,5.26010069545209,54.4283575816086,8.63242580263798e-111,2.27669440012324e-107,242.632875352105,"IL1F9"
5.18856941247811,3.73907320173162,63.782962381737,3.81560300199355e-122,4.0252703869531e-118,268.407285213847,"AKR1B10"
5.16105452636351,4.97481671803125,51.2867204048929,1.39563676556061e-106,2.67695819241485e-103,233.044550155895,"C10orf99"
4.92411604581466,4.15809626311701,38.4023532757149,1.32631910066747e-86,6.99600167624571e-84,187.342813750494,"DEFB103B"
4.81662867683569,3.79443463251807,25.4223369244695,2.53439296145216e-60,2.3660688979504e-58,126.931213554111,"LTF"
4.81470338992747,9.36597576723025,37.2552040226224,1.43636580957761e-84,6.88770050369953e-82,182.674909154814,"SPRR2G"
4.74622298285342,5.15883107230347,36.987906665819,4.34892472526955e-84,2.03906583952138e-81,181.570823759182,"RHCG"
4.73141953138972,3.16128772954018,40.699797249811,1.54492378561719e-90,1.12401196388748e-87,196.361810900176,"HEPHL1"
4.4356450111153,5.82890219845597,28.6289739564608,1.52576678661798e-67,2.55493281197245e-65,143.548405621957,"LCN2"
4.11690108295826,7.86676641804848,48.9087858705004,3.04528827024313e-103,4.58946694384713e-100,225.426516323222,"GJB2"
4.09287282565541,10.4554832141743,39.9171409502117,3.22473866607924e-89,2.06178063986685e-86,193.33727440842,"SPRR2E"
4.0689658108497,4.60287105965634,44.8997614294136,2.77830470983833e-97,2.93097255364395e-94,211.805715261814,"PLA2G4D"
4.03698647947667,10.5770471344395,35.8325754513753,5.61529641261029e-82,2.32308115705225e-79,176.725207880084,"KRT6A"
3.89699651080413,2.18083215762794,35.2880303325523,5.78733783992139e-81,2.22012801971821e-78,174.399015803135,"TMPRSS11D"
3.8960803483028,4.39380064312417,32.0646331734262,1.02559448180748e-74,2.70487724645701e-72,160.0430178998,"CHI3L2"
3.79256348117801,2.88226889928791,25.908993337138,1.87777530775726e-61,1.90476832780627e-59,129.53300094236,"IGFL1"
3.62546712822178,3.85128235008606,25.5015653703947,1.65581824233873e-60,1.56664166345762e-58,127.356777710049,"ATP12A"
3.61950478699498,5.07570435097791,33.6557997144313,7.43770993929851e-78,2.49092447633745e-75,167.257948997709,"KLK9"
3.61882871542219,9.58463220899963,30.7809955616601,4.22606264216153e-72,9.09854037622104e-70,154.031115331681,"SPRR1B"
3.58417542879546,2.90086116136638,33.9842490812838,1.72560275767552e-78,5.96860534167146e-76,168.715652032254,"OASL"
3.55218251800818,7.5760216460642,31.4487138624895,1.80432997001181e-73,4.27747843115496e-71,157.180195333614,"IFI27"
3.52669014244189,5.13701294560642,34.3516062835552,3.40912288617153e-79,1.24015661681609e-76,170.333534916287,"KLK13"
3.51889772748489,3.59716320998296,36.0864746512155,1.90991163268203e-82,8.05944510759164e-80,177.800459990368,"PRSS27"
3.49132908716583,3.42607744573789,29.3592675654048,4.09105924224914e-69,7.63869548249687e-67,147.163944921788,"SLC6A14"
3.46253154874162,2.82012620773832,44.5268523194373,1.04933248006623e-96,1.05427933318654e-93,210.485425335578,"KYNU"
3.4236791683643,1.89693798724441,18.2330596948978,3.90004041110944e-42,9.52395285115719e-41,85.049927758999,"IL8"
3.41144514320888,9.15405881201992,45.2441404157262,8.21066383516472e-98,9.1177261188495e-95,213.016610479156,"FABP5"
3.37512431367905,4.67088334806968,39.1837648357989,5.80821417148825e-88,3.50135745154945e-85,190.458645503334,"ZC3H12A"
3.298024705191,4.0588383070643,36.2777775038045,8.50725383913492e-83,3.70279808923312e-80,178.606731750038,"PAPL"
3.21567156606829,1.92425784880031,21.2080618720833,5.33761716619488e-50,2.33164357328252e-48,103.159709663525,"CXCL1"
3.18483272586825,2.15729558598883,9.94416597035263,1.03096282902082e-18,4.73699580346476e-18,31.2083587522425,"LCE3C"
3.1662540284931,5.54424854860172,33.4334663954172,2.01158324005745e-77,6.06319925456746e-75,166.265155372561,"TYMP"
3.13735831950315,9.83665841263835,27.3011116014747,1.28596351280142e-64,1.78503579977613e-62,136.816282418724,"KRT6C"
3.12680483136813,5.50344388567089,19.3926394947992,2.96152339641334e-45,9.06896692901671e-44,92.2338087743192,"KLK6"
3.00570656051858,4.01658586196231,34.0825574710866,1.11663562023588e-78,3.92664915855947e-76,169.149900619459,"TREX2"
2.99259802132008,2.11401147997261,26.5536232567714,6.24860089896953e-63,7.32440168707545e-61,132.934707162949,"CHAC1"
2.9284841842803,3.40586287960355,26.1660384829271,4.80542292791194e-62,5.22626898742341e-60,130.895496550096,"PRSS22"
2.89924880463703,1.72930288158169,35.3963982532607,3.63012708834185e-81,1.41837132290601e-78,174.864141153202,"GDA"
2.88739750950782,1.75569381121388,47.3300121701908,6.01189513009097e-101,7.4614691382229e-98,220.184009041628,"AKR1B15"
2.86871809470268,9.27718530244087,27.3906038340235,8.11405812643093e-65,1.15674670547004e-62,137.276519569569,"CNFN"
2.77408567179147,3.3167781557492,44.005240434249,6.83969813871317e-96,6.27438221863952e-93,208.622598742316,"HPSE"
2.7717663930501,6.20731341243711,17.8022284727185,5.84516498550581e-41,1.27535818023978e-39,82.3426312593464,"IFI6"
2.75672347400534,8.13799216001317,19.9227171161686,1.17017003176013e-46,3.98216411292048e-45,95.4655153781825,"SPRR1A"
2.75383359301701,2.81626505147414,23.8076615180703,1.75741159605122e-56,1.28748705781544e-54,118.087874462825,"OAS2"
2.74743050475037,10.3343179760608,24.7309224290513,1.07495160112093e-58,9.14532412582678e-57,123.184336740415,"KRT6B"
2.72619604166374,2.70980866674722,31.760237404207,4.21016991177091e-74,1.07024548154764e-71,158.633154148724,"ARSF"
2.71662068106164,6.3343919334441,37.6824275866182,2.4765951597104e-85,1.24413526844595e-82,184.426589815828,"GJB6"
2.70037488190156,3.9943066389811,13.7942861013102,1.11724464091004e-29,1.06375201618055e-28,56.3802755991714,"CCL18"
2.67002451916079,5.83066309571099,31.7818371887173,3.80751000958103e-74,9.79690898684757e-72,158.733517269917,"IL1F5"
2.64979877219969,3.17763372243302,21.9091482134082,8.76360406056912e-52,4.3609264640082e-50,107.269775598635,"HERC6"
2.63389344072698,4.49611911988326,33.4012739020455,2.32422423142845e-77,6.81094542484846e-75,166.120997719907,"SERPINB13"
2.6210658782886,2.91298289543831,23.4301616856821,1.45637198615328e-55,1.00091180898528e-53,115.973134557082,"PRSS53"
2.60921929776464,6.13707956786487,33.0516921939761,1.12316702621167e-76,3.15969347813867e-74,164.548897430378,"TGM1"
2.53985172512642,4.59676900712018,19.9427508566499,1.03633885305256e-46,3.54387576346124e-45,95.5869928793235,"MX1"
2.45757393013847,6.65814837189365,30.8143925259772,3.60531181489784e-72,7.92379937318015e-70,154.189760317858,"CD24"
2.45150810939453,1.55871359344688,20.9659929297675,2.23746659136352e-49,9.18449564419822e-48,101.726286251562,"EPGN"
2.45031441527603,2.03013337528115,26.8687054218673,1.20597732796218e-63,1.4708043724089e-61,134.579054498769,"GZMB"
2.43465266554102,2.92944151557944,27.813313417564,9.33517258373261e-66,1.40687718817267e-63,139.437589077714,"UPP1"
2.42863921035321,11.1412918770511,22.9939084625877,1.71518971622679e-54,1.05199964600782e-52,113.506815966367,"KRT16"
2.39404964533223,3.62328051862027,17.3961117227898,7.63696091202195e-40,1.53167526884744e-38,79.7727447050793,"IFI44"
2.36985422465664,6.79931519651699,25.9977975999292,1.17153471683699e-61,1.2421211553037e-59,130.004631240508,"TGM3"
2.33390531716243,2.1414850927296,20.8866571359196,3.58455159983146e-49,1.44885927595487e-47,101.254905849387,"FOSL1"
2.33066087439751,1.51307817319697,23.2859949945984,3.28142160212071e-55,2.14348960938529e-53,115.160765525133,"CCL20"
2.32170705584836,1.39852542189152,18.5879365031049,4.25873255833633e-43,1.11621115836445e-41,87.2647053537198,"NOS2"
2.28370791724585,1.59879816347412,23.4685563682552,1.17356856113044e-55,8.11840100698067e-54,116.189042625342,"RND1"
2.28047179060636,1.94754501620332,18.5478198017012,5.46634872788438e-43,1.42037551489695e-41,87.015041781341,"CXCL10"
2.26538639493494,4.5498281433625,14.5339818734868,8.52893870594465e-32,9.33845758986644e-31,61.249855164251,"ISG15"
2.26378503741223,1.55093254805172,26.3005184413471,2.3628866525248e-62,2.63780663923919e-60,131.60510841143,"ADAMDEC1"
2.24541838625687,5.68381958232638,25.9500911914017,1.50928486385709e-61,1.56868972130644e-59,129.75138748304,"A2ML1"
2.24227341096238,2.11934279273212,16.4391371526337,3.4762635418147e-37,5.494058761704e-36,73.6530445605345,"CXCL9"
2.23849764996313,6.57404673324586,25.2519648259253,6.34647585479931e-60,5.77173681294873e-58,126.013454409693,"ARG1"
2.23613178103899,5.06393656065652,25.5587528551423,1.21839093896416e-60,1.16320499643461e-58,127.663470362442,"DSC2"
2.23447126164776,1.19996564422889,40.4339374332968,4.31356198319953e-90,3.03372814278423e-87,195.339834923856,"VNN3"
2.21534814994036,3.87203590645723,23.0418226359391,1.30668044476864e-54,8.10872079534516e-53,113.778872135583,"OAS3"
2.20776002325335,1.35046408896528,14.9459100955554,5.70894292116135e-33,6.72170684674014e-32,63.9515376455918,"CLDN17"
2.18572050724212,5.38149496430741,21.6086124674163,5.06333769679784e-51,2.37931764064003e-49,105.51547687322,"HAL"
2.18073476871647,5.43245125448166,24.3998621085594,6.60357902592156e-58,5.44253569796558e-56,121.369167073926,"KLK10"
2.1509453466969,3.91845571313994,23.7389844213329,2.5785498637618e-56,1.85681991725291e-54,117.704486998844,"APOL1"
2.1482463919937,4.38526849621288,32.094117918631,8.94927465955368e-75,2.39013602584713e-72,160.179068025239,"GDPD3"
2.1471474376545,4.98762813491979,30.7345723766688,5.27139403306722e-72,1.12344588589581e-69,153.810391478931,"PLA2G4E"
2.13687246888076,6.89528874084197,30.7968386724729,3.91922305160361e-72,8.52491620265821e-70,154.106389619836,"PDZK1IP1"
2.12605064065393,5.828319420023,16.7885183632374,3.6834369758451e-38,6.34941476743103e-37,75.8972192098389,"WFDC12"
2.1259346081178,4.67643532665592,31.5727257709296,1.00970396060602e-73,2.44870619135935e-71,157.759820115813,"MPZL2"
2.11852949255629,8.47904608176523,23.5891538192277,5.96376678396648e-56,4.2366840193572e-54,116.865996663563,"S100A2"
2.11462353835311,3.1996736769128,40.3623553186097,5.69255490154352e-90,3.87442631831183e-87,195.06372119737,"TTC39A"
2.10275413824975,2.33318666586168,20.6162293487602,1.79746084815867e-48,6.93320410151733e-47,99.642264224306,"SAMD9"
2.09609442424315,5.98209997752254,27.4843745775883,5.01332552999372e-65,7.24494214776284e-63,137.75773950532,"ALOX12B"
2.09481916159426,3.68227946351922,20.5565528467341,2.56868193968289e-48,9.80047382375574e-47,99.2851763970812,"OAS1"
2.0938856160174,3.02115762474565,25.9604334512347,1.42860005815564e-61,1.49217983302108e-59,129.806311788012,"FAM83A"
2.09107133211745,7.72830592482423,21.4517829369696,1.27028770857329e-50,5.86472655649626e-49,104.595510626402,"KRT16P3"
2.08653854867068,2.04779382442599,20.6632080523305,1.3574824384281e-48,5.25532513181551e-47,99.9230624152805,"PITX1"
2.06686285647683,2.68507107268111,33.511804590325,1.41595525821751e-77,4.52655151411078e-75,166.615521958771,"RRM2"
2.05033258059649,3.75026590151504,16.9243299552561,1.54395549434163e-38,2.75367007397413e-37,76.7665650361479,"LRG1"
2.04502342485571,2.07734489954347,36.6313662722039,1.92464441933882e-83,8.6400154475808e-81,180.088263459233,"FUT3"
2.04084553682428,2.18871514488875,27.0246406593644,5.36615331829695e-64,6.98891783103379e-62,135.388428139641,"TMPRSS4"
2.03427093617089,4.31494640372917,26.9228337729099,9.10170180172073e-64,1.12962827243827e-61,134.860335542037,"FCHSD1"
2.03210645238283,1.08078914591596,15.7718360358499,2.60526615187327e-35,3.5740253926121e-34,69.3378913331706,"IL19"
2.02145902166315,6.20675587205378,21.689065699453,3.16251375989945e-51,1.51995165877263e-49,105.986217063469,"FGFBP1"
2.00956158187666,1.0998862895568,19.2517212140766,7.03091638538782e-45,2.09527266688273e-43,91.3690584543691,"TNIP3"
2.0077037899192,2.20665754721775,15.1169138061793,1.86335956317196e-33,2.25818629657468e-32,65.0703636132272,"RSAD2"
2.00700980772926,3.97091528111946,10.5901699730975,1.61070002258859e-20,8.34786533446247e-20,35.3468925044278,"SAA1"
1.99026039131876,8.40938798564862,31.4351137726107,1.92312793961113e-73,4.50845293309503e-71,157.116530096745,"CRABP2"
1.97650533962072,1.95117199538485,27.5355490521931,3.85650888658986e-65,5.61161937918341e-63,138.019920922407,"SLC26A9"
1.95484338408007,2.99874865532749,21.0803946160054,1.13556189458287e-49,4.76326449578609e-48,102.404633168473,"IRF7"
1.91550856849277,2.58449914792554,21.9883414601971,5.53065864541578e-52,2.80508093172182e-50,107.730149046293,"EPSTI1"
1.91129272591614,1.68311571395177,27.2648834680793,1.5499057351942e-64,2.1234715004456e-62,136.629698835277,"HRH2"
1.89895472746757,1.58244769116712,24.3073318552184,1.09949252028549e-57,8.80758001224027e-56,120.859377551592,"FABP5L3"
1.89263488345899,3.092510440129,15.3689354213273,3.59038598786162e-34,4.60507926795698e-33,66.7159907723476,"XAF1"
1.89160396251214,2.72443596456931,21.3342657228909,2.53577885822536e-50,1.13593201973879e-48,103.90412689707,"FUT2"
1.89022595351581,2.49191884554176,22.9881970674111,1.77175323270535e-54,1.07729744832421e-52,113.474367332327,"NEU2"
1.88157624455335,5.75670862509457,29.4653154671914,2.4309595175321e-69,4.62079413156844e-67,147.683933124959,"DSG3"
1.8768666851533,2.08766198749661,13.9686979310276,3.5329360030176e-30,3.4848722172823e-29,57.530106015382,"SAA2"
1.87188807176663,1.58613610697375,24.8382049485578,5.98652079081604e-59,5.15549396593582e-57,123.769615836163,"RGS1"
1.87130264645905,2.3250354288535,29.9519944524675,2.26620727606623e-70,4.51082144506806e-68,150.054110434939,"CXCR2"
1.86934358262317,4.62385384023807,20.748351922775,8.16695122154482e-49,3.23291752013835e-47,100.431283099774,"NAMPT"
1.86876799940698,5.65254097443967,25.4686379902534,1.97606157990937e-60,1.85301881220035e-58,127.180007219795,"EHF"
1.8587985666256,3.42275539643591,20.6802002786077,1.22648706746111e-48,4.75692107286065e-47,100.024560082627,"PLA2G2F"
1.8583370659999,4.92183452429058,21.6227789741654,4.66035473637104e-51,2.19974999066426e-49,105.598425671203,"SLC7A5"
1.85671976809148,9.9723396269085,15.2920788259821,5.92980514019551e-34,7.4694303673424e-33,66.2145713178389,"KRT17"
1.85437295485795,1.12360780219644,19.589519253543,8.88409581393634e-46,2.81449756123488e-44,93.4380372334123,"MMP12"
1.85179392677273,1.06436591250223,18.0760502024516,1.04359322585055e-41,2.43840237787606e-40,84.0656110801676,"CXCL13"
1.84911075280731,3.47052334291011,27.0327243713977,5.14595967891839e-64,6.74376417798131e-62,135.430306721782,"PLA2G3"
1.83836796048805,0.997177145931764,14.1555627552951,1.03016717138923e-30,1.05923475385679e-29,58.761041729572,"S100A7L2"
1.83603358427823,8.6787491855622,22.0694530331448,3.45449205591138e-52,1.76480212803085e-50,108.200853225662,"CSTA"
1.83573185362507,4.28295234978302,25.3554012751929,3.63340446373422e-60,3.36233336755826e-58,126.571073641147,"NFKBIZ"
1.82916440592742,2.59757455512588,28.5564174527526,2.19316028125883e-67,3.6435817932504e-65,143.185858950943,"CLEC7A"
1.82868649973002,3.44314145797426,31.6157872586933,8.2567960325127e-74,2.02569929639518e-71,157.96070660526,"ARNTL2"
1.82375904451185,1.78501038078643,27.2843582894442,1.40188794311924e-64,1.93323096156031e-62,136.730018266117,"TMC5"
1.81907910469043,5.36123171295021,25.7848497785245,3.63718596027647e-61,3.61985785735251e-59,128.872066697861,"STAT1"
1.81289297558208,4.77408809326594,25.6912176690341,5.99597735083502e-61,5.85690398728093e-59,128.372321577402,"PLA2G4B"
1.79924087514055,4.48727108510174,29.043445013975,1.9422399078299e-68,3.41494331794192e-66,145.60782831128,"PNP"
1.79216761655555,4.72378299472073,33.2344235408828,4.92226201962834e-77,1.40344332908295e-74,165.372185309271,"TMEM45B"
1.77957011325249,0.975929511283266,15.3060684097669,5.41208977304133e-34,6.83770551625144e-33,66.3058694622563,"SPRR3"
1.77212416080052,5.4109730889532,36.2752261259356,8.5993225447852e-83,3.70279808923312e-80,178.596000495625,"PLBD1"
1.76597126278455,3.30748629340651,30.2584422640676,5.15521367703507e-71,1.04586397472849e-68,151.533033852922,"CCNB1"
1.75813708806599,2.3517554079761,31.9867361889683,1.47073206512375e-74,3.83098467185753e-72,159.683145853886,"WNT5A"
1.74868496668902,3.88042211205582,23.1150533876941,8.62672666041789e-55,5.43329271069125e-53,114.19411389562,"GBP1"
1.74790660684123,1.12268107819209,15.1237697397062,1.78163151846548e-33,2.16660768922785e-32,65.1151836445556,"HRNR"
1.7467411988427,4.07402631602949,24.1407076972978,2.76104432415216e-57,2.15760274797357e-55,119.938660921591,"FAM43A"
1.7363240615536,1.66853252236898,21.1525650775325,7.40901833182854e-50,3.15803793501516e-48,102.83172913597,"GBP6"
1.73108018381534,2.12575876632784,27.0997921016192,3.63600716617993e-64,4.85545032906521e-62,135.777456975036,"EPHB2"
1.71433539590905,4.01903936212279,31.4141992387863,2.12134042890409e-73,4.91847930873049e-71,157.018585904914,"SLC5A1"
1.71192375909728,3.27157287056577,21.17544042333,6.47200441101348e-50,2.781116518696e-48,102.966966805375,"LAMP3"
1.69841242423182,3.49998646065564,38.8034830481346,2.6454779243834e-87,1.5085659115288e-84,188.94864402072,"ADAP2"
1.69208708437505,2.15460162466137,30.4510542930295,2.04335151696115e-71,4.22673271140817e-69,152.457291510349,"RDH16"
1.69070214751443,6.94274948966943,22.217633428855,1.46526087114239e-52,7.7288847800583e-51,109.0586221022,"IVL"
1.68436012906985,1.86097093427321,23.8186265652122,1.65315442925771e-56,1.21532771090274e-54,118.149031365256,"CCR7"
1.68014410197484,1.5109398056062,26.9138716100594,9.53559543404975e-64,1.17655864364337e-61,134.813787465658,"FOXE1"
1.6781165091243,1.5607470212935,17.2738606266116,1.66090036545707e-39,3.23278014859583e-38,78.9958603641522,"FPR1"
1.67199324905656,3.08797029530556,29.574301653643,1.42568453602393e-69,2.73459254777898e-67,148.217010175587,"GALNT6"
1.67176892430191,1.36222655092283,26.3736275396526,1.60783694212284e-62,1.81410436587432e-60,131.98996047648,"CD274"
1.66784944556694,1.8950227471219,33.8365445010421,3.3243995939415e-78,1.13131462955761e-75,168.061431732002,"CCNE1"
1.66344955717255,6.00227105052142,33.4650762320842,1.74572826233691e-77,5.33813342131107e-75,166.406603446569,"GM2A"
1.65758323384327,3.28408488266887,17.7776649896365,6.82481863515206e-41,1.47085646969431e-39,82.1876805598059,"CCL22"
1.65497539803573,1.06885247698806,10.943258218035,1.62208182939316e-21,8.98747492604158e-21,37.6328867681758,"LCE3B"
1.6488354469553,1.17616089985809,17.449407614203,5.44534950710663e-40,1.10049261734141e-38,80.1109614174138,"KLHDC7B"
1.64660369553926,1.0169697432203,37.2665999331037,1.37029171652917e-84,6.72367091326719e-82,182.721840873056,"ABCG4"
1.63870575196199,7.884339271452,18.3178982369694,2.29395298847968e-42,5.68743996520949e-41,85.5806724334447,"KRT16P2"
1.62329566833786,2.9820298478208,34.5045990652837,1.74172221394975e-79,6.4471222793203e-77,171.003475966645,"FAM110C"
1.62051938228856,1.76765914175523,22.8652709685578,3.56547847921206e-54,2.14324873028192e-52,112.774975530175,"PCSK9"
1.60140352633601,3.03336595913714,24.789513204043,7.80686326328517e-59,6.69581333301032e-57,123.504156387963,"PARP9"
1.5943498498953,4.81248150573836,22.154006053069,2.11691171791804e-52,1.10556238456319e-50,108.690643674033,"CDH3"
1.58835093859432,3.8188006789898,25.9800288157109,1.28741281583471e-61,1.35139915429336e-59,129.910340339022,"CFB"
1.5833076100663,4.39873153923845,21.8724034080021,1.08530893100782e-51,5.37533641674508e-50,107.055898456262,"MPHOSPH6"
1.58237247655681,1.91542956116038,29.2452459297185,7.16968857557313e-69,1.30407982117256e-66,146.603442722214,"KCNJ15"
1.58052074625807,2.70335231507571,18.3873409591005,1.48656731388595e-42,3.73393854234282e-41,86.0145112982288,"SOCS3"
1.58010448010187,1.2318805034705,26.5762352004901,5.55058189833559e-63,6.54255460742919e-61,133.053113346284,"HYAL4"
1.57506927731579,3.36165036422322,25.8717923742042,2.28874407023205e-61,2.29953386370601e-59,129.335143258256,"GPR68"
1.57040746161606,3.65186444981464,11.2017503377705,2.99749147386579e-22,1.74610912774971e-21,39.3150740094782,"PLAT"
1.55259375050616,3.24330675222836,14.274660287393,4.6998301537842e-31,4.91629729373787e-30,59.5449474990221,"MMP9"
1.55218060681401,1.9143778625201,15.8308485365542,1.77592527711896e-35,2.46677073218782e-34,69.7209283734635,"CMPK2"
1.53035502033073,1.55403058521379,22.3189328649928,8.1654209926868e-53,4.38562308643099e-51,109.643414077749,"CHRNA9"
1.52755990350532,2.889171892363,22.3229479481345,7.9785724569695e-53,4.30536829334014e-51,109.666566020087,"APOL6"
1.52727225123307,4.2291788760243,18.1984067362732,4.84519891671483e-42,1.16966649821243e-40,84.8329139400221,"TRIM22"
1.52549822205827,3.84875787251325,11.4825021048896,4.75924236849256e-23,2.91227536928146e-22,41.1490533699303,"IFIT1"
1.52475744224097,1.93952099388923,22.5533078162229,2.12131440862383e-53,1.19036204009453e-51,110.991459879103,"RTP4"
1.5245426045991,3.11793069517002,24.3378440966514,9.2924270684018e-58,7.54080456600806e-56,121.027601536235,"CDC20"
1.52266910173803,9.16724767141078,14.9216757676527,6.69159594132486e-33,7.83496019789196e-32,63.792842772945,"CALML3"
1.520551923756,5.11079587413872,10.0635640314234,4.80169899544256e-19,2.25989397958605e-18,31.9683723335325,"S100P"
1.51629962654039,4.61560867919469,31.3551498733495,2.79897933798742e-73,6.35007151098888e-71,156.741802833849,"KPNA2"
1.51259084732408,1.88320377458231,16.4477781532834,3.28809444856212e-37,5.21228435538784e-36,73.708679086015,"FCGR3A"
1.51184669122536,3.19713733706892,29.0463458921606,1.91455237723924e-68,3.39454963087149e-66,145.622173004022,"MXD1"
1.50768004887419,3.83126540645048,14.8810766815402,8.73199548492021e-33,1.01284427012826e-31,63.5269120899764,"IFIT3"
1.49990434623631,1.31320688965323,31.5052017081201,1.38479920948571e-73,3.32021346828852e-71,157.444418360972,"INA"
1.49937032027293,4.88681736866253,27.8870284997017,6.41625802149577e-66,9.95416382320141e-64,139.812294246099,"GRHL3"
1.49840690475331,5.47753773292938,15.9946997107128,6.13700171831275e-36,8.82047678846599e-35,70.7830471518758,"C9orf169"
1.49817885662238,3.55686914065748,21.1732900118212,6.55477491141736e-50,2.81095926536575e-48,102.954256487585,"SMOX"
1.49690596686455,5.55387500088021,21.5258075636411,8.22592529689381e-51,3.82288100967318e-49,105.030126327241,"SERPINB1"
1.49661567240773,3.72292756451226,26.6105083806855,4.63889633652181e-63,5.49865583170076e-61,133.23246503693,"HK2"
1.49196332985527,2.79679133212351,22.7996393901527,5.18338369884919e-54,3.09813633603453e-52,112.400778953152,"MYBL2"
1.47743847097869,5.9585822339164,22.6537956213744,1.19274962768258e-53,6.87590830450127e-52,111.567301597385,"PRSS3"
1.47267240516585,2.26296254566622,27.8542212532977,7.5809010440309e-66,1.15071533185617e-63,139.645608758765,"RNF222"
1.47221538372179,2.5982244653691,26.0661689279519,8.15254076104423e-62,8.73149530544529e-60,130.367086711972,"PLK1"
1.47049922653568,2.51009673887401,23.0828658571472,1.03530525970564e-54,6.44362999248652e-53,114.011683947738,"RAET1G"
1.46744711359615,4.16043492829098,17.4698516847495,4.78311729625785e-40,9.70374921478311e-39,80.2406236384748,"NT5C3"
1.46633064290891,3.59583225993856,39.8140459764522,4.82913894591651e-89,2.99676478293801e-86,192.935237373699,"TPBG"
1.46295958880415,2.48290168153169,14.683703249457,3.1886319826098e-32,3.55210909192631e-31,62.2328215317325,"KRT3"
1.46238101982696,1.85879559978587,26.9755651008721,6.92159468002213e-64,8.79751362372211e-62,135.134018611822,"C17orf96"
1.46170389347797,1.45122918418455,16.4215292476863,3.89376688839085e-37,6.14010370539301e-36,73.5396570985179,"APOBEC3A"
1.46106070066019,1.39033684134669,12.0478935086421,1.15176106525549e-24,7.86694940622386e-24,44.859445043967,"IL1B"
1.45691324140746,3.00926048800047,23.1837797193313,5.8463047719757e-55,3.77220747351423e-53,114.583196568689,"CXCR4"
1.45294297473583,5.19711382835212,27.3134358821018,1.20687670560312e-64,1.68635043784902e-62,136.879719803326,"SDR9C7"
1.44982166637879,2.98607946988441,14.0970051856055,1.51555738966952e-30,1.53808299012204e-29,58.3754274466205,"ALDH1A3"
1.44838613362117,1.41005191104246,18.678473611963,2.4260030198569e-43,6.47927059695704e-42,87.8274903265067,"XDH"
1.4478119317565,2.87070188429644,33.4865141669074,1.58580481162133e-77,4.92042584123507e-75,166.502477584078,"NOD2"
1.44737853577974,3.18674676790222,12.9234290941399,3.53728297352832e-27,2.83776172845909e-26,50.6319498175979,"PCP4L1"
1.44434484075135,1.94962049519231,21.8862921412846,1.00101741362373e-51,4.96952150824635e-50,107.136759370119,"CCBP2"
1.44009678359015,3.79818891334792,27.3577385058042,9.60805383043079e-65,1.36053911253865e-62,137.107611681557,"PTTG1"
1.43691710512472,5.96229449891709,23.2385368524468,4.28988232408181e-55,2.78499160479391e-53,114.892767013051,"PPIF"
1.42611985530159,3.05048741259801,16.3408899162767,6.5479615299618e-37,1.01361291504522e-35,73.0200316615829,"UGT1A7"
1.42451215963586,1.52784635600396,16.3622787891897,5.7043669116952e-37,8.86277153680832e-36,73.1579122113206,"SCNN1D"
1.41546045489685,4.68709027353031,25.0573946777737,1.81849663234353e-59,1.61892238168001e-57,124.960943427134,"CARHSP1"
1.41251651168735,1.95698772390709,10.3880416347157,5.95476418711371e-20,2.97301395134672e-19,34.0453367775734,"IFI44L"
1.4109817662656,3.01172801502878,26.5188174319797,7.49931160040155e-63,8.74187709706477e-61,132.752327461816,"EPR1"
1.40855535541108,4.30902716176195,17.7972721764679,6.03077115703076e-41,1.31313973830951e-39,82.3113711943369,"SCO2"
1.40689399154395,2.32357155527058,21.5516001491684,7.0713060112112e-51,3.30082932589701e-49,105.181398789267,"KIAA0101"
1.40089426086077,3.62227359196663,13.2721582684357,3.52277477821065e-28,3.0177436072053e-27,52.9345020776689,"ANGPTL4"
1.39696188344296,6.63366860330435,21.3876458268225,1.8520535323652e-50,8.4216546291753e-49,104.218390429982,"SOD2"
1.39680280127989,4.3145022183696,15.9482256855265,8.29373925433295e-36,1.17758818658931e-34,70.482005091914,"FERMT1"
1.39656530123038,0.742802100819472,8.98246538035305,4.41313017014393e-16,1.72814835671616e-15,25.1880068566231,"CLEC3A"
1.39619967172421,4.81946088435731,24.096706080262,3.5230957026465e-57,2.72284967875965e-55,119.694938217428,"GGH"
1.39427983553828,2.5933635832819,17.8514393531468,4.28609698597672e-41,9.42986030314105e-40,82.6528707914832,"PRIC285"
1.39379117471207,5.26579814069248,24.0545618357179,4.45047167817262e-57,3.3899098172478e-55,119.46127500174,"GNA15"
1.39254303242049,4.08564775702076,22.1414454698467,2.27652492787565e-52,1.18015723472354e-50,108.617941111714,"CKS2"
1.39083267352741,6.70363066087416,25.5807105772964,1.08312707944254e-60,1.03876810223446e-58,127.781120955012,"CKMT1B"
1.39066310322189,1.2329364803024,25.3093850905204,4.65586110547004e-60,4.25255469542478e-58,126.323166999885,"CXCR6"
1.38817433125807,3.312841496132,21.9790948184946,5.83579834732012e-52,2.95274602710089e-50,107.6764364519,"PLCXD1"
1.38661676781296,4.38935789619904,29.0992333992283,1.47385390356719e-68,2.63532572130205e-66,145.883531118359,"IL4R"
1.3849430544979,4.38110225814568,14.9089536070841,7.27351992083534e-33,8.48805292089076e-32,63.7095203989078,"CCL2"
1.38081908283105,1.15345867695676,19.2169697172291,8.70499398680442e-45,2.57597009996615e-43,91.1554459359875,"IDO1"
1.37872869999202,2.6514098700198,17.9117256931965,2.93195058915972e-41,6.56700907438227e-40,83.0325839765177,"ELF3"
1.37434050746386,1.44160597368746,18.4819079439088,8.24134179583942e-43,2.11280766160894e-41,86.6044518376888,"BCL2A1"
1.37159188738842,2.60789737004401,23.0076167725994,1.58671349425519e-54,9.7603696837581e-53,113.584681295028,"ATP10B"
1.3700605087245,1.9238380908344,25.2136680922686,7.80472977215679e-60,7.06746753058954e-58,125.806662845969,"KIF20A"
1.36240034686418,1.49883426634253,20.5833025156415,2.18869881013372e-48,8.41154029053031e-47,99.4452934492637,"GBP5"
1.36071155624457,1.64738988511233,44.1675285467142,3.80957868175226e-96,3.65355911846777e-93,209.204198843247,"CDK5R1"
1.35920162386313,1.88215053507124,20.1894218372462,2.33223466595412e-47,8.3829334270811e-46,97.0787280178514,"SERPINA1"
1.35428277624216,2.40107065708607,16.1688758984339,1.98814483325622e-36,2.96661017233897e-35,71.9097596082884,"ASPG"
1.35388464828324,3.14331036199207,26.2874286667029,2.53168021159525e-62,2.81136425181306e-60,131.536134200621,"PRDM1"
1.35295507861644,4.09180533545689,17.1147978877073,4.57449266339359e-39,8.56408346982621e-38,77.9828309386983,"SMPD3"
1.35244596141091,4.42385222796955,28.1680462156392,1.54530119821134e-66,2.47002348341372e-64,141.234911309761,"PGM2"
1.35183480524954,4.35532470451061,22.3868627461869,5.52087010668069e-53,3.01774192696518e-51,110.034839507817,"ABCA12"
1.34991943170087,1.18013349237179,27.9969601158322,3.67237486298774e-66,5.78234606225211e-64,140.369909352314,"PRKCQ"
1.34579409987513,2.6984611806114,25.1157965468242,1.32517434995455e-59,1.1897810046677e-57,125.27735725305,"PTTG3P"
1.34553745413013,5.72635447115044,25.8619731497031,2.41155386564444e-61,2.41143957399204e-59,129.282890249348,"UBE2L6"
1.34528398613739,6.28950948787052,24.5382931031454,3.08601238187156e-58,2.5838006049646e-56,122.12983912569,"CKMT1A"
1.34522678777756,4.78097055488191,32.9380971029593,1.87887219236858e-76,5.21609531405061e-74,164.035403715586,"SLC7A1"
1.34430910600592,3.53504587272514,19.2104022696943,9.0636854229461e-45,2.67835712519243e-43,91.115060876619,"PGLYRP4"
1.33843897261859,1.35788790297877,22.7401566381436,7.27929109157673e-54,4.27815495100773e-52,112.061168419027,"LGALS9B"
1.33797550571395,1.817536942839,17.0640503024032,6.32338037982655e-39,1.16623254050665e-37,77.6591136063048,"CD7"
1.33590529449567,1.51502388966291,25.9853112926631,1.25180968705846e-61,1.32059662936232e-59,129.938376091635,"RGS20"
1.33494022593827,4.69826712694902,21.0618672690835,1.26725620222721e-49,5.29462150708751e-48,102.29488568694,"TMEM165"
1.32852781041607,4.06131772493551,22.5274249016926,2.46094668099692e-53,1.37363793709931e-51,110.842931670986,"VSNL1"
1.32710190078033,2.53425166866414,27.5602261301094,3.39861992300991e-65,4.97968623302682e-63,138.146237817075,"BIRC5"
1.32584047248361,0.866424699201327,15.0910175489393,2.20741324376849e-33,2.66595375101725e-32,64.9010434981258,"HTR3A"
1.32509342633353,6.19142202085505,13.0660459015103,1.37707894988936e-27,1.13896467125502e-26,51.5735804028158,"KRT75"
1.32267448666538,4.97912521884607,25.4690196348927,1.97201463960383e-60,1.85301881220035e-58,127.182056844376,"LTB4R"
1.32159957121909,3.19686365196922,18.7582779832942,1.4784597454569e-43,3.99923361146091e-42,88.3227900449314,"MDFI"
1.3209221645098,0.998888575846788,15.5772085066805,9.23760316869765e-35,1.22043950692769e-33,68.0727783783817,"CCL3"
1.31841456872742,1.80281413274129,24.8933541281447,4.43338426513966e-59,3.8493816712009e-57,124.069923019789,"MELK"
1.31836036058389,3.73100992869156,14.8997866699785,7.7239918139775e-33,8.97898089714112e-32,63.6494769666404,"SNORD86"
1.31713648419239,0.761595129015288,16.6155991847783,1.11720960909588e-37,1.85314508980455e-36,74.7878805361814,"IL20"
1.31699373683669,2.55131796514196,22.1496671019849,2.17073722194261e-52,1.13087369495722e-50,108.665531421596,"CCNA2"
1.31597595633744,1.8634158752457,31.6505545782445,7.0197451418382e-74,1.74246591467817e-71,158.122757087053,"IRAK2"
1.31481339141229,7.84989783089614,29.9338489947386,2.47466469799341e-70,4.87971499653859e-68,149.966214189304,"GLTP"
1.29966267665394,1.08178058971533,17.4310941364444,6.11628047691615e-40,1.23254442963184e-38,79.9947760934804,"BATF2"
1.29779188587129,5.06325068463324,7.72515181542544,8.65138640016873e-13,2.72238033791439e-12,17.6774017791449,"COMP"
1.29766028358548,2.86197602776356,24.9102781879987,4.04333123540761e-59,3.55459357232771e-57,124.162004604374,"CCNB2"
1.29378609729209,3.8627167364154,16.9380958817059,1.41384495886607e-38,2.53662540706763e-37,76.8545857265072,"TK1"
1.29219280829492,0.869350352505783,12.3598412920982,1.46887903371244e-25,1.06209317108632e-24,46.9136312621626,"MMP1"
1.2875204300356,5.37938802144624,22.6748460262251,1.05739480606135e-53,6.14599807523096e-52,111.687768168189,"EPHX3"
1.28628335583376,6.0463781386439,17.955707849181,2.22308490023035e-41,5.04896321958667e-40,83.3093615158302,"KLK8"
1.2812630989761,6.63792711428467,22.3656041825925,6.23982714197855e-53,3.39314723888158e-51,109.912406237304,"CLCA2"
1.27918384532339,2.37888369668854,19.9504075344942,9.89345432895587e-47,3.38866871569221e-45,95.6334074375695,"MKI67"
1.27827712501802,5.74289396873539,19.9547697175931,9.63534434606524e-47,3.31101189507541e-45,95.6598476925447,"IFI16"
1.2781400599533,4.04955806113398,24.7607737506407,9.13253952208927e-59,7.80111139176362e-57,123.347334710015,"CDC25B"
1.27729350961101,2.0598417579506,15.132024752011,1.68797429685444e-33,2.05983630360508e-32,65.1691462198916,"PGBD5"
1.2759616774468,2.33616071471309,16.4565192780556,3.10812705768136e-37,4.93813048117613e-36,73.7649516315988,"AASS"
1.27424790594729,4.15649806827279,19.3422268035313,4.03394459105561e-45,1.22287639262475e-43,91.9247180318693,"EPHA2"
1.2734741174901,2.21872782582923,19.0668320441322,2.19388189466599e-44,6.27218348178289e-43,90.2309495650378,"CARD6"
1.27167536477518,3.95751657141134,25.92647825492,1.71107729752496e-61,1.75252523788733e-59,129.625937918035,"SOX7"
1.26943670239535,4.43831970175051,17.5395089458367,3.07591962216064e-40,6.35639844348358e-39,80.6820910355418,"EPN3"
1.26817041202507,0.917995738824351,12.523116847888,4.99319030740414e-26,3.72003256694633e-25,47.9901493381982,"CD177"
1.26511773523887,3.64846144240892,24.3937456896561,6.82968788569402e-58,5.60698773152755e-56,121.33550221274,"TNFRSF21"
1.26496868884621,2.18498770509622,13.3567421753425,2.0135192314781e-28,1.75116414942112e-27,53.4929466300752,"SNORA31"
1.26197159011723,3.66619798149844,13.9551215499131,3.86404775464523e-30,3.8043650758404e-29,57.4406319321933,"UNC93A"
1.25530004992556,1.42394699352699,25.070499894199,1.69377431764126e-59,1.51427730203021e-57,125.031982699842,"ULBP2"
1.25252714600678,3.68703889919445,21.7444398462221,2.28849862551243e-51,1.11000074711924e-49,106.30974335044,"FBXO45"
1.25230857528226,2.02507266883373,14.7056907627646,2.75992111759874e-32,3.09084796497961e-31,62.3770840241583,"IL7R"
1.25109403808203,3.10973843200597,15.490772238281,1.62211261572334e-34,2.1139563977237e-33,67.5100555219113,"IFIH1"
1.24931751266071,2.29437776025064,26.1074426643741,6.55174531469438e-62,7.08898843049932e-60,130.585613711408,"CCRN4L"
1.24500149485969,3.21580062580834,13.9219140039052,4.81081243426355e-30,4.70576409599104e-29,57.2217579243483,"PHLDA2"
1.24283214067282,4.50532117763029,23.3916224773938,1.80913156628733e-55,1.23530313647561e-53,115.75622630985,"PPARD"
1.2418079138282,4.19005306972997,19.437919117456,2.2442835724866e-45,6.93296326440625e-44,92.5111716989358,"TMEM86A"
1.24028117274978,1.52766499799558,20.1470903788492,3.01093308683157e-47,1.07310265538952e-45,96.8232558677324,"DLGAP5"
1.23777871711948,2.11221034760921,12.6569542052816,2.06104289954772e-26,1.56819127795014e-25,48.8730796120719,"CARD17"
1.23413664113868,1.6665840626254,18.9626233011964,4.17371179822054e-44,1.17102586742893e-42,89.5877279781013,"GCNT4"
1.23383701393901,2.44083734829203,31.2533003074135,4.51881399502995e-73,1.01428145192699e-70,156.263529428368,"FLVCR2"
1.23045095360647,2.72961377918546,21.4234156352122,1.50072240271335e-50,6.88342216844542e-49,104.428777232173,"AURKB"
1.22963696636112,1.39743429739394,21.5286744851664,8.08875862107035e-51,3.76743307165482e-49,105.046944836334,"POLR3G"
1.22804804641847,2.39199922920612,19.9748709327943,8.5305362018317e-47,2.95058661184339e-45,95.7816562940403,"CDKN3"
1.22784300350332,0.779257825782494,26.4177756788302,1.27470751885422e-62,1.46168771414702e-60,132.222045293014,"TEX101"
1.22767242028691,2.75117986075944,28.6547962391531,1.34112379609393e-67,2.26370967790287e-65,143.677286793002,"FOXM1"
1.22683915542175,3.90629234723233,14.8057146853849,1.43144645053167e-32,1.63519700377735e-31,63.033039269893,"GPX2"
1.22450688331415,1.19419204564955,14.7311704704304,2.33476610839287e-32,2.62726560645233e-31,62.5442285898442,"CCL4"
1.21591827483699,5.2064393227629,22.2839106979683,9.99328364198933e-53,5.3379314319578e-51,109.441381279787,"C14orf147"
1.21405858888581,2.10185647443467,27.0806374840623,4.01496360456843e-64,5.32778094923203e-62,135.678365390949,"KIF2C"
1.21350184131524,2.98237643047009,14.8832721231815,8.60720429496857e-33,9.98918610668548e-32,63.5412949301523,"PARP14"
1.21331876485949,0.898017306210918,18.9823905028632,3.69401466090974e-44,1.03781644914161e-42,89.7098362597067,"CXCL2"
1.21273130216148,2.76273579628396,13.3016582457361,2.89838146350574e-28,2.49807804323969e-27,53.1292739723378,"HBEGF"
1.21079839582703,1.44066224896541,15.0382883103546,3.11727994586309e-33,3.73701645328212e-32,64.5561542310264,"LIPG"
1.21054341177147,10.0349186493728,15.6203699425868,6.97505363732949e-35,9.30256995537389e-34,68.3535728267803,"SFN"
1.19969011082199,3.56953571047649,17.401847991881,7.36383668278361e-40,1.47830247545244e-38,79.8091609323417,"HAS3"
1.19895114616543,3.94800553522798,19.933453236722,1.09642523959614e-46,3.73723362362504e-45,95.5306214433042,"JMJD7-PLA2G4B"
1.19820885868356,0.873461518159743,21.8535617968774,1.2111647319706e-51,5.97064595323546e-50,106.946162731151,"LOC285629"
1.19594735904239,2.03122500911845,15.7219046662909,3.60379456581147e-35,4.90241531554199e-34,69.0135937412077,"GK"
1.19564220962347,2.00612170838033,14.1218678115413,1.28640505764675e-30,1.31437580199946e-29,58.5391675206685,"DHRS9"
1.1927724895628,1.1846227361323,20.7421707448261,8.47358321934187e-49,3.34801745964221e-47,100.394418099343,"LGALS9C"
1.19263687281321,3.27508287097437,10.8326879549169,3.33347330760282e-21,1.81504395657063e-20,36.9154575907773,"MX2"
1.19185331359934,1.0450276580975,23.8775108393846,1.19067485533939e-56,8.81475395537044e-55,118.477195572479,"SLC7A11"
1.18678960143185,1.47431290865747,19.3210950992511,4.59227748253998e-45,1.39013576189542e-43,91.7950660210079,"ADAM23"
1.18569237136198,2.13149910951517,17.6092609527145,1.97786427362714e-40,4.13177805042169e-39,81.1236614042838,"CDK1"
1.18376221237712,3.2533633580741,16.1583053731678,2.12874860429408e-36,3.16299061985921e-35,71.841451229637,"DNASE1L3"
1.18332897622325,1.79681568887563,17.4813597939854,4.44650997302872e-40,9.09078623264854e-39,80.3135927471629,"FOXP3"
1.18326962382352,7.57290809872993,13.1965297977184,5.80924612963668e-28,4.93236555690963e-27,52.4351503881285,"CRCT1"
1.18057128525819,6.439262424669,12.2542918814895,2.94957105919628e-25,2.08695505627037e-24,46.2181627477256,"LYZ"
1.17999406498822,5.59832152210778,21.4225239529111,1.50860937911658e-50,6.90458769847739e-49,104.4235345879,"HMOX1"
1.1743272717978,1.96917506361419,19.0551369575016,2.35793645798648e-44,6.71391380931941e-43,90.1588250775537,"GPR1"
1.17431509523507,5.92924391288805,13.2926263138379,3.07678029026361e-28,2.64751171877129e-27,53.0696417182104,"JUNB"
1.17294312351598,2.76414331676946,22.9584240194183,2.09839765996717e-54,1.26497406364706e-52,113.30514829153,"AMMECR1"
1.1716621051028,4.8249234579318,20.5620397389551,2.48568662577589e-48,9.50099676037058e-47,99.3180268055902,"SGK1"
1.16883060270375,3.62656776305951,17.2769951519219,1.62811043845477e-39,3.1777522794595e-38,79.0157983227875,"NMI"
1.16616617204739,2.33824390130725,21.1894448397033,5.95803362304696e-50,2.59728412009644e-48,103.049727786155,"RELL2"
1.16230084939088,3.7137144081818,20.1554508677743,2.86276080018435e-47,1.02375237496762e-45,96.8737290875786,"MREG"
1.16074847547891,2.18126707866108,19.8551066261575,1.7636706897893e-46,5.87862367833562e-45,95.0551913943776,"SLAMF7"
1.16065693425336,1.71436501363498,21.1618565944175,7.01302807929293e-50,3.00137686501017e-48,102.886667914183,"CEP55"
1.16065310929669,5.18256792962404,23.3255271363066,2.62548764969555e-55,1.76981354379957e-53,115.383787949232,"TMEM40"
1.15944452766511,1.11736673694723,18.9583467528049,4.28545089545583e-44,1.19759905222811e-42,89.5613044468198,"TMEM171"
1.15926094044045,0.708416506835445,26.1898452457931,4.23727419299986e-62,4.63224083928e-60,131.021278478605,"TRIM15"
1.15358425960066,9.03953139088715,16.5405699971275,1.80964353367344e-37,2.92804209486012e-36,74.3057010050078,"CSTB"
1.15325969291833,2.83826765742719,13.9806350467115,3.26534434491776e-30,3.22544477216385e-29,57.6087721891533,"UGT1A10"
1.15213798633541,1.31780875931116,15.2658262448161,7.03898427921438e-34,8.81397800042398e-33,66.0432087806829,"SELL"
1.15196643949351,1.7932387907902,20.4235079454487,5.70259600269818e-48,2.13710609344456e-46,98.4874917401992,"CDC45"
1.15193141135208,0.88931489631342,16.4703882945367,2.84261858487388e-37,4.52310780710815e-36,73.8542221975319,"ADH7"
1.1518607608812,2.43223497237455,14.7957252492117,1.52840890739363e-32,1.74218798147479e-31,62.96755219312,"F12"
1.15094572645249,2.42823689058791,18.261697530085,3.2600839623033e-42,7.9981990140276e-41,85.229172693302,"TRPV3"
1.14771868510599,4.52405952566573,20.7091638770475,1.03175928552946e-48,4.03131280840481e-47,100.197482574287,"DUOXA1"
1.14649675085122,4.76897989611303,24.9999805030172,2.48316750493042e-59,2.19214858521033e-57,124.649467396756,"GBAP1"
1.14589517792812,3.20987219901028,9.16749647030658,1.3959162252306e-16,5.63036444965406e-16,26.3306717806731,"KRT72"
1.14468573304598,3.03387388489416,15.5457164918467,1.13401968156161e-34,1.49261891835736e-33,67.8678178265929,"TOP2A"
1.14407700442938,3.21211530652135,22.0808959688914,3.23279508473711e-52,1.65555202652593e-50,108.267191611921,"TRIM14"
1.14255640711547,3.49602242395998,23.8592175825957,1.31840530238806e-56,9.72623548079919e-55,118.375293400831,"LMNB1"
1.14136012388513,2.08309240283323,16.7888927793586,3.67460916243237e-38,6.34456454322099e-37,75.8996182521235,"RAET1L"
1.14028082295586,1.51364183365405,23.7961073452587,1.87442319583362e-56,1.36845865082677e-54,118.023415336623,"AURKA"
1.14023841564336,1.69803657347458,16.7847393099294,3.7737365209255e-38,6.49445896044103e-37,75.8730044930986,"FAM111B"
1.13754482636886,2.95315940652595,12.4211775205265,9.79444949263681e-26,7.17296389604804e-25,47.3179464894116,"CYP2E1"
1.13725271480762,4.08377966318945,16.5806105985536,1.39889258593119e-37,2.28977770912043e-36,74.5630868413249,"SBNO2"
1.13627630172432,2.68420108665397,5.87969146764421,2.06928633259595e-08,4.86623632762394e-08,7.75482559625983,"KRT4"
1.13568467394587,3.25675691492454,12.9087390405,3.89825963701714e-27,3.11314837552705e-26,50.5349658444332,"ODF3B"
1.13531888594566,2.81626604694454,13.7880955556581,1.16386541954465e-29,1.10664247350034e-28,56.3394494485952,"UGT1A8"
1.13475222765987,2.82609692091981,13.7551762731486,1.44651464906513e-29,1.36738407619289e-28,56.1223345120944,"UGT1A9"
1.13467047600173,2.88205828030784,13.6872841108682,2.26512260368441e-29,2.11561849557934e-28,55.6744851571908,"UGT1A1"
1.13220220727305,4.06547585743405,28.9607879242817,2.92518189413625e-68,5.01775713694152e-66,145.19869038922,"TAP2"
1.13106266129889,1.8654973458933,14.1190116134497,1.31085909718037e-30,1.33741857308552e-29,58.5203582561011,"KLRB1"
1.130555306265,2.51093101801759,19.1032451813004,1.75285117523243e-44,5.05237799811873e-43,90.4554104149222,"RASGRP1"
1.1274963830583,4.30259541396057,18.6201783371166,3.48500072685232e-43,9.19125379198214e-42,87.4652289362576,"LTB4R2"
1.12678740591278,2.81753388729588,13.6570067762121,2.76673196416643e-29,2.56707465751748e-28,55.4747307952799,"UGT1A5"
1.12656384085822,3.55537736054902,14.1164042474213,1.33358871081251e-30,1.35995109760431e-29,58.5031874133665,"PLSCR1"
1.12587995651173,2.81835334441159,13.6414303555233,3.06665160670329e-29,2.8279406577724e-28,55.3719586699196,"UGT1A3"
1.12558573005847,2.69432768963195,18.6492190126783,2.90947598886108e-43,7.74111398347792e-42,87.6457429693939,"HAPLN3"
1.12451677973353,3.00793689967952,15.6343403408059,6.36895062368822e-35,8.52655388383234e-34,68.4444311227593,"SLC16A10"
1.12435361467,2.93381683081012,13.3382517923848,2.27540110491012e-28,1.9716093598562e-27,53.3708728197236,"DDX58"
1.12417161772761,2.01504123020924,23.3062340207591,2.92729577497364e-55,1.93614462558523e-53,115.274969637998,"UBE2C"
1.12367543977521,2.80329854771121,13.6422322363191,3.05044600744491e-29,2.81545758141208e-28,55.3772495338254,"UGT1A4"
1.12329190874165,0.783571087558774,21.3264112615245,2.65584757333846e-50,1.18468769450039e-48,103.857855342918,"LRRC55"
1.12236480344598,4.80045941618029,19.2588735200208,6.72866792174038e-45,2.00803627271287e-43,91.4130050969247,"MAPK6"
1.1217366007527,1.64309590390292,11.4919758089033,4.47223705380218e-23,2.73982954698525e-22,41.2110509005986,"GNLY"
1.11784623664706,2.58872181273255,14.2019159669607,7.58975400471183e-31,7.86137553978472e-30,59.0662027242815,"CD2"
1.11782084046229,2.56757527745133,12.7600754386281,1.04211604600899e-26,8.08962709887551e-26,49.5536143582656,"UBD"
1.1161461156001,2.86273159030981,24.8940102956334,4.41757966491496e-59,3.8493816712009e-57,124.073493805992,"DCUN1D3"
1.11580682708891,4.28091942794677,10.7935220131916,4.30102807053222e-21,2.32209291863253e-20,36.6616615160596,"CD36"
1.11324576115611,3.00023877999449,19.0717794300852,2.12797478116868e-44,6.09201355602144e-43,90.2614556912038,"PTAFR"
1.11296781662869,3.0040532749012,12.0579786791133,1.07763370326235e-24,7.37017617670413e-24,44.9257924949842,"LTB"
1.1126626705854,5.96300922094852,12.5159961318998,5.23383681087134e-26,3.8938195653235e-25,47.943185314028,"RNASE7"
1.11253000094198,3.37629219186774,12.8679472925566,5.10567931560193e-27,4.04675912396262e-26,50.2656683321275,"ERO1L"
1.11166025841085,3.16862071555888,18.5272023165557,6.21509265165558e-43,1.60701274334903e-41,86.8866599512793,"DTX3L"
1.10891582796776,2.91575891852048,14.7298455817743,2.35516216720748e-32,2.64880418794832e-31,62.5355382568035,"CST7"
1.10822939308488,4.49369596376704,17.8982972892892,3.19060947248001e-41,7.11613839956191e-40,82.9480386410167,"UGCG"
1.10668937965058,1.85113571318105,12.4069755093942,1.07581284353163e-25,7.86233986341315e-25,47.2243196226795,"DDX60L"
1.10602317980204,6.03464024926465,16.178853627383,1.86397321786204e-36,2.79317975310164e-35,71.9742287946282,"LGALS3BP"
1.10558278057139,2.8855996258731,20.7699198443814,7.18162165807357e-49,2.85896293139046e-47,100.559878676113,"TPX2"
1.1045309621677,1.49730085745624,19.3649630802093,3.50899296505578e-45,1.06834404862499e-43,92.0641560135079,"GPRIN1"
1.10450186506558,8.20174438551904,13.1375709939391,8.57996318824539e-28,7.20082113400117e-27,52.0458525307755,"FAM25A"
1.10437538956598,5.35178469806981,16.7968090946734,3.49284641642481e-38,6.05053912480683e-37,75.9503383935791,"HIGD1A"
1.10191670761722,3.7334573144703,13.6346934651452,3.20624746906257e-29,2.94893702483658e-28,55.3275077408251,"GSDMC"
1.1016375779142,7.3992955222715,19.228494730034,8.10960670671413e-45,2.40653434465487e-43,91.2263042352417,"NCCRP1"
1.10154139517303,3.97793385084625,16.6019212699124,1.2198392613315e-37,2.01230559615586e-36,74.7000161067836,"LDLR"
1.10062504280164,4.88240842807195,21.375627722733,1.9877529799505e-50,8.99991418969436e-49,104.14766767757,"IRF9"
1.09925811556116,4.38787013310246,11.4244335444951,6.96711718079351e-23,4.21926536732383e-22,40.7691939798847,"C15orf48"
1.09406000200853,5.1483335453309,24.22990528988,1.68585713715032e-57,1.34226036742395e-55,120.4319747962,"MICALL1"
1.09400803635124,0.869477327814136,20.7282663474141,9.20623900814694e-49,3.62392606031516e-47,100.311473944507,"CTLA4"
1.09332699537664,4.96353479531793,13.9190052619219,4.90406117510418e-30,4.78809748882568e-29,57.2025846592613,"ID1"
1.09267921697892,4.37252738475257,20.3026108952608,1.17931376737646e-47,4.32736368310888e-46,97.7607539521417,"NLRX1"
1.09067589460965,1.22927579433447,23.9125367769082,9.7973344572059e-57,7.30438020185821e-55,118.67218904733,"DEPDC1B"
1.0890644874405,1.72034914016221,19.7979614351173,2.49571283223832e-46,8.24053913104793e-45,94.7079508470277,"LOC400759"
1.08678914472567,4.01708671765759,17.2973776126852,1.43015762052056e-39,2.80958059919584e-38,79.1454224564945,"EIF4EBP1"
1.0863114498869,6.3539430386195,9.93164698439803,1.11681179087781e-18,5.12698258827915e-18,31.1288119257244,"MIR147B"
1.08448647123412,5.21099131634361,26.0255062817293,1.01137249210032e-61,1.07772465711235e-59,130.151591585251,"NIPAL4"
1.08377489231381,1.68550250745485,21.756273922601,2.1357471593533e-51,1.04069582714077e-49,106.378834441833,"CDC6"
1.08266475587231,3.3322817204898,20.1004864055457,3.9896589087236e-47,1.40296355525265e-45,96.541746393663,"LYN"
1.07618802402884,2.50407875476486,21.1462108691042,7.69267161671611e-50,3.26574805716486e-48,102.794151829878,"ASF1B"
1.07585332269017,1.64426144209526,16.6730280664888,7.72612609489291e-38,1.29959313290795e-36,75.1566092912735,"GK3P"
1.07383191764359,3.74617433808666,19.7334260583277,3.69552476113758e-46,1.20699499899755e-44,94.3153318550146,"APOL2"
1.07242644270219,1.78172593934576,13.8620687782525,7.14131656706307e-30,6.88326351066532e-29,56.8272358706223,"AREG"
1.06616692192851,1.69100630225828,10.2805663236942,1.19083885357388e-19,5.83499976116008e-19,33.3556148525564,"FCGR3B"
1.0657436827116,4.32913720832986,14.112535102296,1.36804686104436e-30,1.39441645996015e-29,58.4777066838003,"ELOVL7"
1.06316709293638,5.27299357821737,25.7019678715723,5.66123311941955e-61,5.55564453891317e-59,128.429753706692,"C20orf24"
1.06172644590968,6.19380263963406,14.4889846490075,1.14658950218444e-31,1.24315991297994e-30,60.954229220623,"KRT78"
1.05827082958793,4.19224015452717,14.9055552917138,7.43736302935012e-33,8.66487700476302e-32,63.6872619810125,"BCL3"
1.05789257174657,4.92342166007713,22.1673669558309,1.9594358427156e-52,1.02585947507336e-50,108.767956713217,"DDX39"
1.05777465362049,1.34717505616888,19.3899683702952,3.01039359223074e-45,9.19193840846259e-44,92.2174390775294,"SPC25"
1.05711421882421,3.04181057036133,11.0489579152634,8.13835137559412e-22,4.59735142365891e-21,38.3199405350665,"DDX60"
1.0570880245782,2.66047201447171,19.0641575777757,2.23035872807987e-44,6.35923497348069e-43,90.214457327904,"DUOXA2"
1.05675146881121,3.13851373366442,12.0586072086411,1.07317498984382e-24,7.34206196845485e-24,44.9299275680398,"EREG"
1.0554909875798,1.91206560753724,17.0931380720268,5.25221374917715e-39,9.7894397432764e-38,77.8446940859331,"PBK"
1.05099351309613,3.64595227276046,13.9870139719723,3.13076519921308e-30,3.09540838510762e-29,57.6508078874555,"SLC23A2"
1.05023713486622,1.96430380715802,16.1703050179992,1.96986349695371e-36,2.94349503698487e-35,71.91899409486,"ZBED2"
1.04992223799474,0.816767842798614,16.3204355233826,7.47143481277405e-37,1.15318071042224e-35,72.888138564601,"CXCL17"
1.04842652826241,4.42356785344808,11.8343851224922,4.70488265809842e-24,3.08095342033577e-23,43.4560360973803,"STEAP4"
1.04789844912111,3.01438930994769,16.0598724225381,4.02407474437421e-36,5.84737968536856e-35,71.2049237547094,"ISG20"
1.04642485262328,3.39569574129619,17.5150588568125,3.59129164637758e-40,7.37805866084912e-39,80.5271898528047,"TGFA"
1.04588727968414,4.56303429460655,29.4238091815177,2.97982032488564e-69,5.61350259238948e-67,147.480564906565,"UBE2F"
1.04381710126288,2.00572272489331,13.7406788503215,1.59187416783375e-29,1.5014283892322e-28,56.026710844634,"GZMA"
1.04325656125674,4.97260646720976,16.1480725960771,2.27434532533016e-36,3.36983230471495e-35,71.7753166777142,"SQLE"
1.04148565786001,4.77027215890335,19.7215928744491,3.97154188705911e-46,1.29314139313365e-44,94.243287126019,"PYGL"
1.04096542530413,2.12169912084673,19.2693000824794,6.31124447298338e-45,1.8914907263562e-43,91.4770593346377,"SLC16A6"
1.04000330141405,2.50604479096272,17.2931075843898,1.46952498825744e-39,2.8842332769529e-38,79.1182702345324,"CYP2S1"
1.03901448696514,2.20306549343835,24.7186235834406,1.1496658621455e-58,9.74168675719196e-57,123.117148649722,"CDCA5"
1.03771405508867,1.54574706680267,19.9015415182714,1.33053258773399e-46,4.49166513097591e-45,95.3370613162575,"BUB1"
1.03761848999369,5.178663993928,5.28878732540447,3.68204506636174e-07,7.90229568255176e-07,4.94683904498594,"PLA2G2A"
1.03708447628308,2.67470006282284,22.6162903050706,1.4784733371016e-53,8.4767143857355e-52,111.35252832261,"ZWINT"
1.03399098777442,9.14371189306866,21.3542137482353,2.25475446778819e-50,1.01651847256118e-48,104.021608292273,"S100A11"
1.03301062724229,9.462470981036,12.8673061434571,5.12737804797342e-27,4.06243144702182e-26,50.2614357474233,"LY6D"
1.03283310958712,1.6931665966108,15.3384670709868,4.38028394874161e-34,5.57416230606147e-33,66.5172589561855,"OBFC2A"
1.03215057152351,2.13016750299536,15.6830422587128,4.63968100833718e-35,6.24713654083638e-34,68.7610597636474,"ZDHHC21"
1.03107064940104,2.48955012884072,26.8369940400321,1.42236429199777e-63,1.72473932165867e-61,134.414100929933,"GINS3"
1.03040477658114,2.54618646210666,21.9555622453613,6.6908170396041e-52,3.36920164006222e-50,107.5396899502,"AEN"
1.03003136303717,1.565245602338,18.4226175314445,1.19280033029535e-42,3.01761320970044e-41,86.2346947353478,"NDC80"
1.02840039884204,3.75244012290872,18.4125040973665,1.27049788359873e-42,3.20648742177626e-41,86.1715845184056,"H2AFX"
1.02825589607147,3.4277128958864,17.8757345904438,3.67777585181236e-41,8.15098662787701e-40,82.8059405830747,"IRF1"
1.02765137162244,4.9745981201232,22.5880280423694,1.73837713965272e-53,9.88625856321637e-52,111.190567466071,"GBA"
1.02552120866945,1.65957740013965,14.9981540771261,4.05428625494058e-33,4.83284664932154e-32,64.2935358375048,"SAMSN1"
1.02502135146414,1.36533197436804,13.3812318624087,1.71248695821661e-28,1.49737929264038e-27,53.6546234361815,"WDR66"
1.0241885499635,5.48453582862863,14.7274117193344,2.3930963989626e-32,2.69003414606882e-31,62.5195736055046,"HR"
1.02198691951931,5.37420862488862,20.7542454305775,7.88496384123629e-49,3.12715887380159e-47,100.466428003956,"RAB38"
1.02112382113067,1.35401769205048,18.8640294777136,7.67865543728464e-44,2.10132232258455e-42,88.9780104671332,"NETO2"
1.0198055952749,3.70230135113362,20.9771157660159,2.09453656817783e-49,8.61454718362262e-48,101.792310908819,"SPTLC2"
1.0186125317416,3.11819105596405,12.3762288364069,1.31815228858798e-25,9.57703000582566e-25,47.0216429653284,"CD3D"
1.01822830307313,1.9687932642884,21.251168024256,4.13852661525197e-50,1.81914110531669e-48,103.414196877764,"UHRF1"
1.01455558107854,1.00827906507718,15.6431810148544,6.01295320522227e-35,8.05506664615776e-34,68.5019203128415,"ADAMTS4"
1.01047453806566,2.03636190187709,20.7076855384554,1.04090167211204e-48,4.05951652123696e-47,100.18865890749,"NUP210"
1.00901772312514,5.46703013721167,15.6097855897166,7.47244296579342e-35,9.95335063985324e-34,68.284726763744,"TNFSF10"
1.0086517362776,3.10050175288983,16.6640723208027,8.18335287518904e-38,1.37468600568164e-36,75.0991275131213,"NUSAP1"
1.00717126950211,2.94820073283273,19.4878564732045,1.65338483992946e-45,5.13766814987801e-44,92.8167843446501,"BLNK"
1.00421943870985,0.802420793380004,11.6646843222911,1.43754341352468e-23,9.12751383748337e-23,42.3424289972588,"CCL4L1"
1.00342239043554,4.36710878133631,26.3287533303934,2.0362746290754e-62,2.28528502121606e-60,131.753816111499,"KCNK6"
1.00225330836445,8.40836967209867,22.1470166088858,2.20429081340343e-52,1.14552541556648e-50,108.650190171647,"S100A16"
1.0012685042265,3.21858626657108,18.0518301739997,1.21499647146236e-41,2.81087834993249e-40,83.913533962096,"SLC16A1"
1.00105406449942,5.50103750125408,22.2342346372932,1.33125333635891e-52,7.05731511151677e-51,109.154548231336,"SLC39A6"
