"Rank","Gene","Mean_Abs_SHAP"
1,"VNN3",0.020438
2,"S100A8",0.019438
3,"ABCG4",0.019294
4,"TPBG",0.017942
5,"FABP5",0.017089
6,"SLC7A1",0.01656
7,"IL1F9",0.016449
8,"S100A12",0.016115
9,"FUT3",0.015574
10,"CYP2W1",0.015523
11,"C10orf99",0.01495
12,"SERPINB4",0.014084
13,"COBL",0.013842
14,"AKR1B15",0.013592
15,"TRIM15",0.013455
16,"CDK5R1",0.013455
17,"AKR1B10",0.013101
18,"KYNU",0.012458
19,"LCE3A",0.012311
20,"GJB2",0.011961
21,"S100A9",0.011958
22,"C6orf26",0.011458
23,"DEFB4A",0.010966
24,"PLA2G4D",0.010465
25,"S100A7A",0.009972
26,"WNT5A",0.009647
27,"BTC",0.008561
28,"HPSE",0.008306
29,"PI3",0.008221
30,"CACNA2D2",0.007957
31,"F3",0.007938
32,"CHAD",0.007904
33,"PLLP",0.006736
34,"RAB3B",0.006322
35,"ANKFN1",0.005965
36,"ADAP2",0.005685
37,"INA",0.005546
38,"PHYHIP",0.0055
39,"SPRR2B",0.00536
40,"RRM2",0.00472
41,"GRHL3",0.004502
42,"SPRR2A",0.004484
43,"PLBD1",0.002961
44,"ARSF",0.002868
45,"GDA",0.002767
46,"SOX7",0.002459
47,"ADAMDEC1",0.001794
48,"TAP2",0.001412
49,"CXCR6",0.001285
50,"CLDN8",0.001116
51,"CLEC7A",0.001095
52,"CCR7",0.000987
53,"C9orf122",0.000961
54,"EPHB1",0.000499
55,"CHI3L2",0.000493
56,"HOXC10",9.6e-05
