"Gene","RQ3_gate","N_criteria","N_top10","N_folds","DE_sig","DE_direction","logFC","adj.P.Val","RF_rank","XGB_rank","SVM_rank","RF_top10","XGB_top10","SVM_top10"
"ABCG4",TRUE,3,3,5,TRUE,"Up",1.647,6.72e-82,3,1,9,TRUE,TRUE,TRUE
"S100A8",TRUE,3,1,5,TRUE,"Up",8.384,2.37e-102,2,NA,44,TRUE,FALSE,FALSE
"S100A12",TRUE,3,1,5,TRUE,"Up",5.832,9.52e-112,8,NA,42,TRUE,FALSE,FALSE
"IL1F9",TRUE,3,1,5,TRUE,"Up",5.196,2.28e-107,7,NA,45,TRUE,FALSE,FALSE
"AKR1B10",TRUE,3,1,5,TRUE,"Up",5.189,4.03e-118,17,2,48,FALSE,TRUE,FALSE
"FABP5",TRUE,3,1,5,TRUE,"Up",3.411,9.12e-95,5,NA,46,TRUE,FALSE,FALSE
"GDA",TRUE,3,1,5,TRUE,"Up",2.899,1.42e-78,45,NA,4,FALSE,FALSE,TRUE
"AKR1B15",TRUE,3,1,5,TRUE,"Up",2.887,7.46e-98,14,3,31,FALSE,TRUE,FALSE
"VNN3",TRUE,3,1,5,TRUE,"Up",2.234,3.03e-87,1,NA,26,TRUE,FALSE,FALSE
"COBL",TRUE,3,1,5,TRUE,"Down",-1.526,6.31e-81,13,5,47,FALSE,TRUE,FALSE
"TPBG",TRUE,3,1,5,TRUE,"Up",1.466,3e-86,4,NA,15,TRUE,FALSE,FALSE
"CDK5R1",TRUE,3,1,5,TRUE,"Up",1.361,3.65e-93,16,6,40,FALSE,TRUE,FALSE
"TAP2",TRUE,3,1,5,TRUE,"Up",1.132,5.02e-66,48,NA,6,FALSE,FALSE,TRUE
"HOXC10",TRUE,3,1,5,TRUE,"Down",-1.054,1.62e-49,56,NA,2,FALSE,FALSE,TRUE
