"Sample.ID","Tissue.Type","Mean.Correlation"
"M3171","Psoriasis",0.8883
"M4294","Psoriasis",0.9299
"M4310","Psoriasis",0.9327
"M4505","Psoriasis",0.9354
"M4344","Psoriasis",0.9383
"M4334","Psoriasis",0.9394
"M6794","Psoriasis",0.9416
"M7715","Normal",0.9424
"M4977","Normal",0.9426
"M7807","Psoriasis",0.9426
"M4257","Psoriasis",0.9428
"M5079","Normal",0.9429
"M8487","Psoriasis",0.943
"M582","Psoriasis",0.9435
"M8704","Psoriasis",0.9438
"M3059","Psoriasis",0.9445
"M8815","Psoriasis",0.9452
"M4298","Psoriasis",0.9458
"M4208","Psoriasis",0.9462
"M4271","Psoriasis",0.9467
"M4701","Normal",0.9472
"M7711","Normal",0.9473
"M9003","Normal",0.9473
"M9000","Normal",0.9475
"M8979","Normal",0.9477
"M4981","Normal",0.9481
"M5286","Psoriasis",0.9486
"M7473","Normal",0.9489
"M7702","Normal",0.9491
"M5142","Normal",0.9492
"M8654","Psoriasis",0.9492
"M8771","Psoriasis",0.9494
"M4390","Psoriasis",0.9495
"M5305","Normal",0.9496
"M4649","Normal",0.9497
"M7714","Normal",0.9499
"M7684","Normal",0.9501
"M7748","Normal",0.9502
"M9081","Psoriasis",0.9503
"M4379","Normal",0.9506
"M5030","Normal",0.9507
"M9027","Normal",0.9507
"M8719","Normal",0.951
"M5611","Normal",0.9512
"M5144","Normal",0.9514
"M7874","Normal",0.9523
"M5324","Normal",0.9524
"M7731","Normal",0.9525
"M7663","Normal",0.9529
"M7264","Psoriasis",0.9533
"M4689","Normal",0.9534
"M5063","Normal",0.9537
"M5243","Normal",0.9539
"M8698","Psoriasis",0.9539
"M7252","Psoriasis",0.954
"M7450","Psoriasis",0.954
"M8610","Psoriasis",0.9541
"M7605","Normal",0.9542
"M7682","Normal",0.9543
"M4389","Psoriasis",0.9545
"M4284","Psoriasis",0.9546
"M4999","Normal",0.9546
"M4708","Normal",0.9547
"M5917","Normal",0.9547
"M4616","Psoriasis",0.955
"M777","Psoriasis",0.9552
"M7168","Psoriasis",0.9554
"M5766","Normal",0.9555
"M4397","Psoriasis",0.9557
"M8376","Psoriasis",0.9557
"M7912","Psoriasis",0.9558
"M7786","Normal",0.956
"M7825","Psoriasis",0.956
"M7743","Normal",0.9561
"M6708","Normal",0.9562
"M4356","Psoriasis",0.9563
"M5146","Normal",0.9563
"M5742","Normal",0.9563
"CASP1234","Normal",0.9564
"M7685","Normal",0.9564
"M7768","Normal",0.9566
"M7730","Normal",0.9567
"M5849","Psoriasis",0.9569
"M8639","Normal",0.9569
"M4787","Psoriasis",0.957
"M5219","Psoriasis",0.957
"M7670","Normal",0.957
"M8755","Psoriasis",0.957
"M4368","Psoriasis",0.9571
"M8561","Psoriasis",0.9571
"M8883","Normal",0.9572
"M5936","Normal",0.9573
"M7651","Normal",0.9574
"M5592","Psoriasis",0.9575
"M5904","Normal",0.9575
"M7647","Normal",0.9575
"M5883","Normal",0.9576
"M7785","Normal",0.9578
"M8825","Psoriasis",0.9579
"M4532","Psoriasis",0.958
"M8882","Normal",0.958
"M856","Psoriasis",0.9581
"M4459","Normal",0.9582
"M7642","Normal",0.9582
"M7749","Normal",0.9582
"M4874","Normal",0.9583
"M6346","Psoriasis",0.9583
"M7747","Normal",0.9583
"M7710","Normal",0.9584
"M8481","Psoriasis",0.9584
"M9049","Psoriasis",0.9584
"M5247","Normal",0.9588
"M9004","Normal",0.959
"M6861","Psoriasis",0.9591
"M9132","Psoriasis",0.9591
"M6844","Psoriasis",0.9592
"M8483","Psoriasis",0.9593
"M7305","Psoriasis",0.9594
"M7704","Normal",0.9595
"M8702","Normal",0.9595
"M7204","Psoriasis",0.9596
"M7664","Normal",0.9597
"M8490","Psoriasis",0.9597
"M7741","Normal",0.9599
"M8846","Normal",0.9599
"M7600","Psoriasis",0.96
"M7669","Normal",0.96
"M6171","Psoriasis",0.9603
"M8065","Psoriasis",0.9603
"M3978","Psoriasis",0.9604
"M5478","Psoriasis",0.9604
"M8659","Psoriasis",0.9604
"M7742","Normal",0.9605
"M7772","Normal",0.9605
"M8282","Normal",0.9605
"M4545","Psoriasis",0.9606
"M4277","Normal",0.9607
"M8646","Normal",0.9608
"M8868","Normal",0.9611
"M4288","Normal",0.9613
"M8554","Psoriasis",0.9613
"M7744","Normal",0.9614
"M5223","Normal",0.9616
"M6690","Psoriasis",0.9616
"M7767","Normal",0.9616
"M8298","Psoriasis",0.9617
"M3418","Psoriasis",0.9618
"M7832","Psoriasis",0.9618
"M8492","Psoriasis",0.9618
"M8221","Psoriasis",0.9624
"M4934","Psoriasis",0.9625
"M5130","Psoriasis",0.9625
"M7588","Normal",0.9625
"M5258","Psoriasis",0.9626
"M5441","Psoriasis",0.9627
"M8900","Normal",0.9627
"M6953","Psoriasis",0.963
"M5414","Psoriasis",0.9633
"M6153","Psoriasis",0.9638
"M6390","Psoriasis",0.9639
"M5177","Psoriasis",0.9642
"M8470","Psoriasis",0.9642
"M7972","Psoriasis",0.9643
"M6245","Psoriasis",0.9645
"M6782","Psoriasis",0.9649
"M8424","Psoriasis",0.965
"M8530","Psoriasis",0.9651
"M5385","Psoriasis",0.9652
"M7701","Normal",0.9654
"M7838","Psoriasis",0.9654
"M8485","Psoriasis",0.9657
"M7003","Psoriasis",0.967
"M7834","Psoriasis",0.9677
"M8280","Psoriasis",0.9688
