Sample ID,GEO Accession Number,Tissue Type
CASP1234,GSM1315608,Normal
M3059,GSM1315609,Psoriasis
M3171,GSM1315610,Psoriasis
M3418,GSM1315612,Psoriasis
M3978,GSM1315613,Psoriasis
M4208,GSM1315615,Psoriasis
M4257,GSM1315617,Psoriasis
M4271,GSM1315618,Psoriasis
M4277,GSM1315621,Normal
M4284,GSM1315623,Psoriasis
M4288,GSM1315625,Normal
M4294,GSM1315627,Psoriasis
M4298,GSM1315629,Psoriasis
M4310,GSM1315630,Psoriasis
M4334,GSM1315631,Psoriasis
M4344,GSM1315632,Psoriasis
M4356,GSM1315633,Psoriasis
M4368,GSM1315634,Psoriasis
M4379,GSM1315635,Normal
M4389,GSM1315636,Psoriasis
M4390,GSM1315637,Psoriasis
M4397,GSM1315638,Psoriasis
M4459,GSM1315639,Normal
M4505,GSM1315640,Psoriasis
M4532,GSM1315641,Psoriasis
M4545,GSM1315642,Psoriasis
M4616,GSM1315643,Psoriasis
M4649,GSM1315644,Normal
M4689,GSM1315645,Normal
M4701,GSM1315646,Normal
M4708,GSM1315647,Normal
M4787,GSM1315648,Psoriasis
M4874,GSM1315649,Normal
M4934,GSM1315650,Psoriasis
M4977,GSM1315651,Normal
M4981,GSM1315652,Normal
M4999,GSM1315653,Normal
M5030,GSM1315654,Normal
M5063,GSM1315655,Normal
M5079,GSM1315656,Normal
M5130,GSM1315657,Psoriasis
M5142,GSM1315658,Normal
M5144,GSM1315659,Normal
M5146,GSM1315660,Normal
M5177,GSM1315661,Psoriasis
M5219,GSM1315662,Psoriasis
M5223,GSM1315663,Normal
M5243,GSM1315664,Normal
M5247,GSM1315665,Normal
M5258,GSM1315666,Psoriasis
M5286,GSM1315667,Psoriasis
M5305,GSM1315668,Normal
M5324,GSM1315669,Normal
M5385,GSM1315670,Psoriasis
M5414,GSM1315671,Psoriasis
M5441,GSM1315672,Psoriasis
M5478,GSM1315673,Psoriasis
M5592,GSM1315674,Psoriasis
M5611,GSM1315675,Normal
M5742,GSM1315676,Normal
M5766,GSM1315677,Normal
M582,GSM1315678,Psoriasis
M5849,GSM1315679,Psoriasis
M5883,GSM1315680,Normal
M5904,GSM1315681,Normal
M5917,GSM1315682,Normal
M5936,GSM1315683,Normal
M9003,GSM1315684,Normal
M6153,GSM1315685,Psoriasis
M6171,GSM1315686,Psoriasis
M6245,GSM1315687,Psoriasis
M6346,GSM1315688,Psoriasis
M6390,GSM1315689,Psoriasis
M6690,GSM1315690,Psoriasis
M6708,GSM1315691,Normal
M6782,GSM1315692,Psoriasis
M6794,GSM1315693,Psoriasis
M6844,GSM1315694,Psoriasis
M6861,GSM1315695,Psoriasis
M6953,GSM1315696,Psoriasis
M7003,GSM1315697,Psoriasis
M7168,GSM1315698,Psoriasis
M7204,GSM1315699,Psoriasis
M7252,GSM1315700,Psoriasis
M7264,GSM1315701,Psoriasis
M7305,GSM1315702,Psoriasis
M7450,GSM1315703,Psoriasis
M7473,GSM1315704,Normal
M7588,GSM1315705,Normal
M7600,GSM1315706,Psoriasis
M7605,GSM1315707,Normal
M7642,GSM1315708,Normal
M7647,GSM1315709,Normal
M7651,GSM1315710,Normal
M7663,GSM1315711,Normal
M7664,GSM1315712,Normal
M7669,GSM1315713,Normal
M7670,GSM1315714,Normal
M7682,GSM1315715,Normal
M7684,GSM1315716,Normal
M7685,GSM1315717,Normal
M7701,GSM1315718,Normal
M7702,GSM1315719,Normal
M7704,GSM1315720,Normal
M7710,GSM1315721,Normal
M7711,GSM1315722,Normal
M7714,GSM1315723,Normal
M7715,GSM1315724,Normal
M7730,GSM1315725,Normal
M7731,GSM1315726,Normal
M7741,GSM1315727,Normal
M7742,GSM1315728,Normal
M7743,GSM1315729,Normal
M7744,GSM1315730,Normal
M7747,GSM1315731,Normal
M7748,GSM1315732,Normal
M7749,GSM1315733,Normal
M7767,GSM1315734,Normal
M7768,GSM1315735,Normal
M7772,GSM1315736,Normal
M777,GSM1315737,Psoriasis
M7785,GSM1315738,Normal
M7786,GSM1315739,Normal
M7807,GSM1315740,Psoriasis
M7825,GSM1315741,Psoriasis
M7832,GSM1315742,Psoriasis
M7834,GSM1315743,Psoriasis
M7838,GSM1315744,Psoriasis
M7874,GSM1315745,Normal
M7912,GSM1315746,Psoriasis
M7972,GSM1315747,Psoriasis
M8065,GSM1315748,Psoriasis
M8221,GSM1315749,Psoriasis
M8280,GSM1315750,Psoriasis
M8282,GSM1315751,Normal
M8298,GSM1315752,Psoriasis
M8376,GSM1315753,Psoriasis
M8424,GSM1315754,Psoriasis
M8470,GSM1315755,Psoriasis
M8481,GSM1315756,Psoriasis
M8483,GSM1315757,Psoriasis
M8485,GSM1315758,Psoriasis
M8487,GSM1315759,Psoriasis
M8490,GSM1315760,Psoriasis
M8492,GSM1315761,Psoriasis
M8530,GSM1315762,Psoriasis
M8554,GSM1315763,Psoriasis
M8561,GSM1315764,Psoriasis
M856,GSM1315765,Psoriasis
M8610,GSM1315766,Psoriasis
M8639,GSM1315767,Normal
M8646,GSM1315768,Normal
M8654,GSM1315769,Psoriasis
M8659,GSM1315770,Psoriasis
M8698,GSM1315771,Psoriasis
M8702,GSM1315772,Normal
M8704,GSM1315773,Psoriasis
M8719,GSM1315774,Normal
M8755,GSM1315775,Psoriasis
M8771,GSM1315776,Psoriasis
M8815,GSM1315777,Psoriasis
M8825,GSM1315778,Psoriasis
M8846,GSM1315779,Normal
M8868,GSM1315780,Normal
M8882,GSM1315781,Normal
M8883,GSM1315782,Normal
M8900,GSM1315783,Normal
M8979,GSM1315784,Normal
M9000,GSM1315785,Normal
M9004,GSM1315786,Normal
M9027,GSM1315787,Normal
M9049,GSM1315788,Psoriasis
M9081,GSM1315789,Psoriasis
M9132,GSM1315790,Psoriasis